No,Type,Title,Date,Eligibility,Details,Website,Cost
1,Biology Competitions,"International Biology Olympiad (IBO)","Annually in July","High school students (usually after national selection)","Premier global competition testing theoretical and practical biology knowledge","https://www.iboinfo.org","Travel and participation costs may vary"
2,Biology Competitions,"BioGENEius Challenge","Annually (finals in June)","High school students","Biotechnology competition focusing on original research projects","https://www.biogeniuschallenge.org","Free"
3,Biology Competitions,"USA Biology Olympiad (USABO)","Annually (registration in November, exams in February)","U.S. high school students","National competition leading to selection for the IBO","https://www.usabotrc.org","Registration fee varies"
4,Biology Competitions,"British Biology Olympiad (BBO)","Annually (exams in March)","High school students in the UK","National competition leading to selection for the IBO","https://www.biologyolympiad.org.uk/","Registration fee varies"
5,Biology Competitions,"Australian Biology Olympiad","Annually (exams in August)","Australian high school students","National competition leading to selection for the IBO","https://www.asi.edu.au/programs/biology/","Registration fee varies"
6,Biology Competitions,"Canadian Biology Olympiad (CBO)","Annually (exams in March)","Canadian high school students","National competition leading to selection for the IBO","https://www.canadianbiologyolympiad.ca","Registration fee varies"
7,Biology Competitions,"Hong Kong Biology Olympiad","Annually (exams in November)","High school students in Hong Kong","National competition leading to selection for the IBO","https://www.hkage.org.hk","Registration fee varies"
8,Biology Competitions,"Singapore Biology Olympiad (SBO)","Annually (exams in December)","High school students in Singapore","National competition leading to selection for the IBO","https://www.sbo.sg","Registration fee varies"
9,Biology Competitions,"European Union Science Olympiad (EUSO)","Annually (competition in April)","Teams of high school students from EU countries","Multidisciplinary competition including biology","https://www.euso.eu","Covered by national bodies"
10,Biology Competitions,"Asia-Pacific Economic Cooperation (APEC) Youth Science Festival","Annually (dates vary)","High school students from APEC member economies","Science fair including biology projects","https://www.apec.org","Travel and participation costs vary"
11,Biology Competitions,"Genius Olympiad","Annually in June","High school students","International project competition on environmental issues including biology","https://geniusolympiad.org","Registration and participation fee"
12,Biology Competitions,"International Science and Engineering Fair (ISEF)","Annually in May","High school students","One of the largest international pre-college science competitions, includes biology","https://www.societyforscience.org/isef/","Varies, scholarships available"
13,Biology Competitions,"European Union Contest for Young Scientists (EUCYS)","Annually in September","Students aged 14-20 from EU countries","Prestigious contest showcasing original research including biology","https://eucys.eu","Covered by national bodies"
14,Biology Competitions,"International Conference of Young Scientists (ICYS)","Annually in April","High school students","Research competition in various sciences including biology","https://icys2020.hu","Varies, scholarships available"
15,Biology Competitions,"China Adolescents Science and Technology Innovation Contest (CASTIC)","Annually in August","High school students","Major Chinese science competition including biology projects","http://www.cyscc.org.cn","Covered by Chinese national bodies"
16,Biology Competitions,"Biology Challenge","Annually in March","Students aged 13-15","UK-based competition testing biological knowledge","https://www.biologychallenge.org.uk/","Registration fee varies"
17,Biology Competitions,"International Earth Science Olympiad (IESO)","Annually in August","High school students (usually after national selection)","Multidisciplinary science competition including biology","https://www.iesoinfo.org","Covered by national bodies"
18,Biology Competitions,"Global Natural History Day (GNHD)","Annually (finals in July)","Students aged 7-18","Research and presentation competition focusing on natural history","https://www.gnhdonline.org","Varies"
19,Biology Competitions,"Japan International Science and Mathematics Olympiad (JISMO)","Annually (finals in December)","High school students","Multidisciplinary competition including biology","https://www.jismo.org","Registration fee varies"
20,Biology Competitions,"International Science Youth Forum (ISYF)","Annually in January","High school students","Conference and competition in various sciences including biology","https://www.isyf.org","Registration fee and travel costs"
21,Biology Competitions,"Toshiba/NSTA ExploraVision","Annually (submission deadline in February)","Students in grades K-12","Research competition on future technological solutions, includes biology","https://www.exploravision.org","Free"
22,Biology Competitions,"National BioGENEius Challenge","Annually (submission deadline in March)","High school students","Biotechnology research competition","https://www.biogenius.org","Free"
23,Biology Competitions,"International Medicine Olympiad (IMDO)","Annually in August","High school students","Focuses on medical science and biology","https://www.imdo.us","Registration fee varies"
24,Biology Competitions,"First Step to Nobel Prize in Physics","Annually (submission deadline in January)","High school students","International competition for high school research papers, includes biology-related projects","http://www.ifpan.edu.pl/firststep/","Free"
25,Biology Competitions,"Beckman Symposium","Annually in August","High school and undergraduate students","Research competition in life sciences","https://www.beckmanfoundation.org","Covered by foundation"
26,Biology Competitions,"International Sustainable World (Energy, Engineering, and Environment) Project Olympiad (ISWEEEP)","Annually in May","High school students","Competition for projects in energy, engineering, and environment, including biology","https://www.isweeep.org","Registration fee varies"
27,Biology Competitions,"Regeneron Science Talent Search","Annually (submission deadline in November)","U.S. high school seniors","Prestigious science research competition, includes biology","https://www.societyforscience.org/regeneron-sts/","Free"
28,Biology Competitions,"Google Science Fair","Annually (submission deadline in December)","Students aged 13-18","Online science competition including biology","https://www.googlesciencefair.com","Free"
29,Biology Competitions,"Siemens Competition in Math, Science & Technology","Annually (submission deadline in September)","U.S. high school students","Prestigious research competition including biology","https://www.siemensfoundation.org","Free"
30,Biology Competitions,"Brain Bee","Annually (national finals in spring)","High school students","Neuroscience competition for students interested in brain science","https://www.thebrainbee.org","Free"
31,Biology Competitions,"Science Olympiad","Varies by region (usually during the school year)","Middle and high school students","Team-based competition covering various scientific disciplines, including biology","https://www.soinc.org","Registration fee varies"
32,"Biology Competitions","Research Science Institute (RSI)","Summer program (6 weeks)","High school juniors","Prestigious summer research program in various sciences, including biology, held at MIT","https://www.cee.org/researchscienceinstitute","Free (all expenses covered)"
33,"Biology Competitions","Jackson Laboratory Summer Student Program","Summer program (10 weeks)","High school and undergraduate students","Research internship in genetics and genomics","https://www.jax.org/educationandlearning/highschoolstudentsandundergraduates","Stipend provided"
34,"Biology Competitions","Simons Summer Research Program","Summer program (7 weeks)","High school juniors","Research program at Stony Brook University focusing on life sciences","https://www.stonybrook.edu/commcms/simons/index.html","Free (housing and meals provided)"
35,"Biology Competitions","National Institutes of Health (NIH) High School Summer Internship Program","Summer program (8 weeks)","High school juniors and seniors","Research internship at NIH labs in various biomedical fields","https://www.training.nih.gov/programs/hssip","Stipend provided"
36,"Biology Competitions","BioBuilder Learning Lab","Year-round workshops and summer programs","High school students","Hands-on synthetic biology workshops and research opportunities","https://biobuilder.org/learninglab/","Fee varies"
37,"Biology Competitions","Cold Spring Harbor Laboratory (CSHL) Partners for the Future","Academic year program","Long Island high school seniors","Research internships in molecular biology and genetics","https://www.cshl.edu/education/partnersforthefuture/","Free"
38,"Biology Competitions","Hutton Junior Fisheries Biology Program","Summer program (8 weeks)","High school juniors and seniors","Paid internship program in fisheries biology","https://hutton.fisheries.org/","Stipend provided"
39,"Biology Competitions","Earthwatch Student Fellowships","Year-round (varies by project)","High school students","Field research opportunities in various environmental science projects, including biology","https://earthwatch.org/education/studentfellowships","Scholarships available"
40,"Biology Competitions","The Junior Academy of the New York Academy of Sciences","Year-round","Students aged 13-19","Online research and innovation challenges in various scientific fields, including biology","https://www.nyas.org/programs/globalstemalliance/thejunioracademy/","Free"
41,"Biology Competitions","Amgen Scholars Program","Summer program (8-10 weeks)","Undergraduate students","Research internships in biotechnology at various universities","https://amgenscholars.com","Stipend, housing, and travel expenses provided"
42,"Biology Competitions","Harvard Secondary School Program","Summer program (7 weeks)","High school students","College-level courses in various subjects, including biology","https://www.summer.harvard.edu/highschoolprograms/secondaryschoolprogram","Fee varies, financial aid available"
43,"Biology Competitions","Stanford Institutes of Medicine Summer Research Program (SIMR)","Summer program (8 weeks)","High school juniors and seniors","Biomedical research internships at Stanford University","https://simr.stanford.edu","Free (housing and meals provided)"
44,"Biology Competitions","Yale Young Global Scholars (YYGS)","Summer program (2 weeks)","High school students","Interdisciplinary program including biological sciences","https://globalscholars.yale.edu","Fee varies, financial aid available"
45,"Biology Competitions","MIT PRIMES (Program for Research in Mathematics, Engineering, and Science for High School Students)","Academic year program","High school students","Research opportunities in various scientific fields, including biology","https://math.mit.edu/research/highschool/primes/","Free"
46,"Biology Competitions","Duke University Talent Identification Program (TIP)","Summer and year-round programs","Gifted students in grades 4-12","Advanced courses in various subjects, including biology","https://tip.duke.edu","Fee varies, financial aid available"
47,"Biology Competitions","Research Experience for High School Students (REHS) at University of Iowa","Summer program (6 weeks)","High school juniors and seniors","Research internships in various scientific fields, including biology","https://medicine.uiowa.edu/research/educationtraining/undergraduate/highschoolresearchexperience","Free"
48,"Biology Competitions","Johns Hopkins Center for Talented Youth (CTY) Summer Programs","Summer program (3 weeks)","Students in grades 2-12","Advanced courses in various subjects, including biology","https://cty.jhu.edu/summer","Fee varies, financial aid available"
49,"Biology Competitions","Carnegie Mellon Summer Academy for Math and Science (SAMS)","Summer program (6 weeks)","High school juniors and seniors","Research and academic program in STEM fields, including biology","https://www.cmu.edu/precollege/academicprograms/sams.html","Free, travel and meals provided"
50,"Biology Competitions","Rosetta Institute of Biomedical Research Summer Camps","Summer program (varies by course)","High school students","Biomedical research camps focusing on molecular medicine, including oncology and neuroscience","https://www.rosettainstitute.org","Fee varies"
51,"Biology Competitions","International Genetically Engineered Machine (iGEM) Competition","Annually (competition in October)","High school and university students worldwide","Synthetic biology competition where teams design and build biological systems","https://igem.org","Registration fee varies"
52,"Biology Competitions","Global Health Corps Fellowship","Year-long program starting in July","Recent graduates and professionals from any country","Fellowship in global health fields including biomedical sciences","https://ghcorps.org","Stipend provided"
53,"Biology Competitions","CERN Summer Student Program","Summer program (8-13 weeks)","Undergraduate and master’s students from any country","Research internships in various scientific fields, including life sciences","https://home.cern/summerstudentprogramme","Stipend, travel, and accommodation provided"
54,"Biology Competitions","Wellcome Sanger Institute Summer Placement","Summer program (8-12 weeks)","Undergraduate students from any country","Research internships in genomics and computational biology","https://www.sanger.ac.uk/about/careers/summerplacement","Stipend provided"
55,"Biology Competitions","Max Planck Institute for Biology of Ageing Internship Program","Year-round (duration varies)","Undergraduate and master’s students from any country","Research internships in ageing and related fields","https://www.age.mpg.de/career/internships/","Stipend provided"
56,"Biology Competitions","Pasteur Institute Internship Program","Year-round (duration varies)","Undergraduate, master’s, and PhD students from any country","Research internships in various fields of biology","https://www.pasteur.fr/en/education/internships","Varies, some positions may be paid"
57,"Biology Competitions","RISE Germany (Research Internships in Science and Engineering)","Summer program (10-12 weeks)","Undergraduate students from North America, UK, and Ireland","Research internships in various fields, including biology, at German universities","https://www.daad.de/rise/en/risegermany/","Stipend and travel allowance provided"
58,"Biology Competitions","Weizmann Institute of Science International Summer Science Institute (ISSI)","Summer program (4 weeks)","High school graduates worldwide","Research internships in various scientific fields, including biology, in Israel","https://www.weizmann.ac.il/YouthSci/issi","Free (travel, accommodation, and meals provided)"
59,"Biology Competitions","EMBL International PhD Programme","Year-round (duration varies)","Master’s students from any country","PhD research in various fields of molecular biology","https://www.embl.org/training/eipp/","Stipend provided"
60,"Biology Competitions","United Nations University (UNU) Internship Programme","Year-round (duration varies)","Undergraduate and graduate students from any country","Internships in various fields, including environmental and life sciences","https://unu.edu/about/internships","Unpaid, but travel and accommodation assistance may be available"
61,"Biology Competitions","L'Oréal-UNESCO For Women in Science International Awards","Annual awards","Women researchers worldwide","Awards and fellowships for women in life sciences","https://www.forwomeninscience.com/en/awards","Fellowship amounts vary"
62,"Biology Competitions","International Institute for Applied Systems Analysis (IIASA) Young Scientists Summer Program (YSSP)","Summer program (3 months)","PhD students from any country","Research in systems analysis, including life sciences","https://iiasa.ac.at/web/home/education/yssp/Young_Scientists_Summer_Program.html","Stipend provided"
63,"Biology Competitions","European Molecular Biology Laboratory (EMBL) Summer School","Summer program (2-3 months)","Undergraduate and master’s students from any country","Research internships in molecular biology and related fields","https://www.embl.org/training/undergraduates/summerschool/","Stipend provided"
64,"Biology Competitions","Oxford Summer School in Experimental Psychology","Summer program (2 weeks)","Undergraduate and graduate students from any country","Courses and research in experimental psychology and neuroscience","https://www.psych.ox.ac.uk/study/summerschools/experimentalpsychologysummerschool","Fee varies, scholarships available"
65,"Biology Competitions","Global Research & Internship Program (GRIP) by University of Pennsylvania","Summer program (8-10 weeks)","Undergraduate students from any country","Research internships in various scientific fields, including biology","https://global.upenn.edu/pennabroad/grip","Stipend provided"
66,"Biology Competitions","Zuckerman Institute Postdoctoral Scholars Program","Year-round","PhD graduates from any country","Postdoctoral research in neuroscience and related fields","https://zuckermaninstitute.columbia.edu/postdoctoralresearch","Stipend provided"
67,"Biology Competitions","International Max Planck Research School (IMPRS) for Brain and Behavior","Year-round","PhD candidates from any country","PhD research in neuroscience","https://imprsbrainbehavior.mpg.de","Stipend provided"
68,"Biology Competitions","UNESCO-Merck Africa Research Summit (MARS)","Annual conference","Researchers from Africa","Research summit on health and life sciences","https://www.marsafrica.org","Travel and accommodation covered for selected participants"
69,"Biology Competitions","International Young Researchers' Conference on Global Health","Annual conference","Graduate students and early-career researchers from any country","Conference focusing on global health issues, including biological research","https://www.ihrc.org","Varies, scholarships available"